{"cameraMode":{"drawMode":0,"name":"Shaded","section":"Shading Mode"},"sceneLighting":false,"audioPlay":false,"sceneViewState":{"m_AlwaysRefresh":false,"showFog":true,"showSkybox":false,"showFlares":true,"showImageEffects":true,"showParticleSystems":true,"showVisualEffectGraphs":true,"m_FxEnabled":true},"in2DMode":false,"pivot":{"x":1.719327449798584,"y":-0.19735687971115113,"z":-2.0955872535705568},"rotation":{"x":-0.014845006167888642,"y":-0.11550746113061905,"z":0.0005103836883790791,"w":0.9935497641563416},"size":3.12772536277771,"orthographic":false}