{"cameraMode":{"drawMode":0,"name":"Shaded","section":"Shading Mode"},"sceneLighting":false,"audioPlay":false,"sceneViewState":{"m_AlwaysRefresh":false,"showFog":true,"showSkybox":false,"showFlares":true,"showImageEffects":true,"showParticleSystems":true,"showVisualEffectGraphs":true,"m_FxEnabled":true},"in2DMode":false,"pivot":{"x":-0.011711547151207924,"y":0.0042314305901527409,"z":-0.000056117773056030273},"rotation":{"x":-0.020115382969379426,"y":0.700025737285614,"z":0.019745223224163057,"w":0.7135816216468811},"size":0.04761365428566933,"orthographic":false}