{"cameraMode":{"drawMode":0,"name":"Shaded","section":"Shading Mode"},"sceneLighting":false,"audioPlay":false,"sceneViewState":{"m_AlwaysRefresh":false,"showFog":true,"showSkybox":true,"showFlares":true,"showImageEffects":true,"showParticleSystems":true,"showVisualEffectGraphs":true,"m_FxEnabled":true},"in2DMode":false,"pivot":{"x":-0.6063008308410645,"y":-0.050700001418590549,"z":0.16699999570846559},"rotation":{"x":0.07784964889287949,"y":-0.09791456162929535,"z":0.0077220238745212559,"w":0.9921489357948303},"size":2.9801793098449709,"orthographic":false}