{"cameraMode":{"drawMode":0,"name":"Shaded","section":"Shading Mode"},"sceneLighting":false,"audioPlay":false,"sceneViewState":{"m_AlwaysRefresh":false,"showFog":true,"showSkybox":false,"showFlares":true,"showImageEffects":true,"showParticleSystems":true,"showVisualEffectGraphs":true,"m_FxEnabled":true},"in2DMode":false,"pivot":{"x":1.2434988021850587,"y":-0.07234714925289154,"z":-2.6150083541870119},"rotation":{"x":-0.09394455701112747,"y":0.5294909477233887,"z":-0.059300076216459277,"w":-0.8411402106285095},"size":0.02619188092648983,"orthographic":false}