{"cameraMode":{"drawMode":0,"name":"Shaded","section":"Shading Mode"},"sceneLighting":false,"audioPlay":false,"sceneViewState":{"m_AlwaysRefresh":false,"showFog":true,"showSkybox":false,"showFlares":true,"showImageEffects":true,"showParticleSystems":true,"showVisualEffectGraphs":true,"m_FxEnabled":true},"in2DMode":false,"pivot":{"x":-1.0641084909439088,"y":-0.29700320959091189,"z":0.7838934659957886},"rotation":{"x":0.5196964144706726,"y":-0.15236972272396089,"z":0.09682457894086838,"w":0.835403561592102},"size":4.429730415344238,"orthographic":false}